{"cameraMode":{"drawMode":0,"name":"Shaded","section":"Shading Mode"},"sceneLighting":true,"audioPlay":false,"sceneViewState":{"m_AlwaysRefresh":false,"showFog":true,"showSkybox":true,"showFlares":true,"showImageEffects":true,"showParticleSystems":true,"showVisualEffectGraphs":true,"m_FxEnabled":true},"in2DMode":false,"pivot":{"x":-0.17974022030830384,"y":0.5564399361610413,"z":3.1119749546051027},"rotation":{"x":0.08821140974760056,"y":-0.06824716180562973,"z":0.006040758918970823,"w":0.9936603307723999},"size":0.9448919296264648,"orthographic":false}